Workbook

Sheet IV Analysis
A1: outcome | B1: rf | C1: rf_se | D1: first_stage | E1: first_stage_se | F1: IV Estimate | G1: IV Standard Error | H1: IV Per Percentage Point | I1: SE Per Percentage Point | J1: 95% CL Lower | K1: 95% CL Upper
A2: all | B2: 76.761792 | C2: 4.297955 | D2: 0.084866382 | E2: 0.013987043 | F2: =B2/D2 -> 904.50176 | G2: =SQRT((C2^2/D2^2)+(B2^2*E2^2/D2^4)) -> 157.44084 | H2: =F2/100 -> 9.0450176 | I2: =G2/100 -> 1.5744084 | J2: =H2-1.96*I2 -> 5.9591771 | K2: =H2+1.96*I2 -> 12.130858
A3: drunk_risk | B3: 31.61905 | C3: 1.2352238 | D3: 0.084866382 | E3: 0.013987043 | F3: =B3/D3 -> 372.5745 | G3: =SQRT((C3^2/D3^2)+(B3^2*E3^2/D3^4)) -> 63.106364 | H3: =F3/100 -> 3.725745 | I3: =G3/100 -> 0.63106364 | J3: =H3-1.96*I3 -> 2.4888603 | K3: =H3+1.96*I3 -> 4.9626298
A4: dui | B4: 51.294551 | C4: 1.2109746 | D4: 0.084866382 | E4: 0.013987043 | F4: =B4/D4 -> 604.41544 | G4: =SQRT((C4^2/D4^2)+(B4^2*E4^2/D4^4)) -> 100.63203 | H4: =F4/100 -> 6.0441544 | I4: =G4/100 -> 1.0063203 | J4: =H4-1.96*I4 -> 4.0717666 | K4: =H4+1.96*I4 -> 8.0165421
A5: liquor_laws | B5: -71.337422 | C5: 0.51516813 | D5: 0.084866382 | E5: 0.013987043 | F5: =B5/D5 -> -840.58517 | G5: =SQRT((C5^2/D5^2)+(B5^2*E5^2/D5^4)) -> 138.6719 | H5: =F5/100 -> -8.4058517 | I5: =G5/100 -> 1.386719 | J5: =H5-1.96*I5 -> -11.123821 | K5: =H5+1.96*I5 -> -5.6878826
A6: combined_oth | B6: 2.161827 | C6: 0.24019146 | D6: 0.084866382 | E6: 0.013987043 | F6: =B6/D6 -> 25.473303 | G6: =SQRT((C6^2/D6^2)+(B6^2*E6^2/D6^4)) -> 5.0632098 | H6: =F6/100 -> 0.25473303 | I6: =G6/100 -> 0.050632098 | J6: =H6-1.96*I6 -> 0.15549411 | K6: =H6+1.96*I6 -> 0.35397194
A7: robbery | B7: 2.0445151 | C7: 0.28484231 | D7: 0.084866382 | E7: 0.013987043 | F7: =B7/D7 -> 24.09099 | G7: =SQRT((C7^2/D7^2)+(B7^2*E7^2/D7^4)) -> 5.1990396 | H7: =F7/100 -> 0.2409099 | I7: =G7/100 -> 0.051990396 | J7: =H7-1.96*I7 -> 0.13900872 | K7: =H7+1.96*I7 -> 0.34281107
A8: ot_assault | B8: 5.511169 | C8: 0.46579564 | D8: 0.084866382 | E8: 0.013987043 | F8: =B8/D8 -> 64.939365 | G8: =SQRT((C8^2/D8^2)+(B8^2*E8^2/D8^4)) -> 12.028086 | H8: =F8/100 -> 0.64939365 | I8: =G8/100 -> 0.12028086 | J8: =H8-1.96*I8 -> 0.41364317 | K8: =H8+1.96*I8 -> 0.88514413
A9: aggravated_assault | B9: 3.7512559 | C9: 0.48591644 | D9: 0.084866382 | E9: 0.013987043 | F9: =B9/D9 -> 44.201907 | G9: =SQRT((C9^2/D9^2)+(B9^2*E9^2/D9^4)) -> 9.2657902 | H9: =F9/100 -> 0.44201907 | I9: =G9/100 -> 0.092657902 | J9: =H9-1.96*I9 -> 0.26040958 | K9: =H9+1.96*I9 -> 0.62362856

Sheet Results Summary
A1: Alcohol Consumption and Arrests: IV Results.
A2: Arrests per 10,000 per 1-percentage-point increase in drinking.
A4: Arrest Category | B4: IV Estimate | C4: Standard Error | D4: 95% CI Lower | E4: 95% CI Upper | F4: CI Half-Width
A5: Overall arrests | B5: ='IV Analysis'!H2 -> 9.0450176 | C5: ='IV Analysis'!I2 -> 1.5744084 | D5: =B5-F5 -> 5.9591771 | E5: =B5+F5 -> 12.130858 | F5: =1.96*C5 -> 3.0858405
A6: Drunkenness / risk to self | B6: ='IV Analysis'!H3 -> 3.725745 | C6: ='IV Analysis'!I3 -> 0.63106364 | D6: =B6-F6 -> 2.4888603 | E6: =B6+F6 -> 4.9626298 | F6: =1.96*C6 -> 1.2368847
A7: DUI | B7: ='IV Analysis'!H4 -> 6.0441544 | C7: ='IV Analysis'!I4 -> 1.0063203 | D7: =B7-F7 -> 4.0717666 | E7: =B7+F7 -> 8.0165421 | F7: =1.96*C7 -> 1.9723878
A8: Liquor-law violations | B8: ='IV Analysis'!H5 -> -8.4058517 | C8: ='IV Analysis'!I5 -> 1.386719 | D8: =B8-F8 -> -11.123821 | E8: =B8+F8 -> -5.6878826 | F8: =1.96*C8 -> 2.7179691
A9: Disorderly conduct / vagrancy | B9: ='IV Analysis'!H6 -> 0.25473303 | C9: ='IV Analysis'!I6 -> 0.050632098 | D9: =B9-F9 -> 0.15549411 | E9: =B9+F9 -> 0.35397194 | F9: =1.96*C9 -> 0.099238911
A10: Robbery | B10: ='IV Analysis'!H7 -> 0.2409099 | C10: ='IV Analysis'!I7 -> 0.051990396 | D10: =B10-F10 -> 0.13900872 | E10: =B10+F10 -> 0.34281107 | F10: =1.96*C10 -> 0.10190118
A11: Simple assault | B11: ='IV Analysis'!H8 -> 0.64939365 | C11: ='IV Analysis'!I8 -> 0.12028086 | D11: =B11-F11 -> 0.41364317 | E11: =B11+F11 -> 0.88514413 | F11: =1.96*C11 -> 0.23575048
A12: Aggravated assault | B12: ='IV Analysis'!H9 -> 0.44201907 | C12: ='IV Analysis'!I9 -> 0.092657902 | D12: =B12-F12 -> 0.26040958 | E12: =B12+F12 -> 0.62362856 | F12: =1.96*C12 -> 0.18160949
A15: Estimates depend on the IV assumptions. Liquor-law arrests are directly affected by legal eligibility at 21, complicating their causal interpretation and that of total arrests.
